Avisnavn,Etablert (år),URL-nettsted.text,URL-nettsted.hyperlink,Om avisen (tekst),Nedslagsfelt postnummer,Nedslagsfelt kommuner,Papirutgave,Utgivelsesdager papir
"Akershus Amtstidende",1874,"https://www.amta.no/","https://www.amta.no/","Lokalavis for Drøbak og Nesodden, har sine røtter i Follo Tidende som ble startet i 1874. Dagens avisnavn kom i 1884, da eieren fikk et lokalt aksjeselskap til å overta driften, med formål, å skape et «konservativt organ for Aker og Follo og øvre og nedre Romerike».","1407\n1415\n1440\n1443\n1444\n1445\n1446\n1447\n1448\n1449\n1450\n1452\n1453\n1454\n1455\n1456\n1458\n1459\n1540\n1542","Follo, Romerike, Aker","ja","man/ons/fre"
"Akersposten/Ullern Avis",1905,"https://www.akersposten.no/","https://www.akersposten.no/","Akersposten.no er en digital, lokal nettavis, politisk uavhengig, og et tydelig talerør for de rundt 80.000 beboerne i bydelene Ullern og Vestre Aker i Oslo vest.","0274\n0275\n0276\n0277\n0278\n0279\n0280\n0281\n0282\n0283\n0284\n0349\n0369\n0370\n0371\n0373\n0374\n0375\n0376\n0377\n0378\n0379\n0380\n0381\n0383\n0750\n0751\n0752\n0753\n0754\n0755\n0756\n0757\n0758\n0760\n0763\n0764\n0765\n0766\n0767\n0768\n0770\n0771\n0772\n0773\n0774\n0775\n0776\n0777\n0778\n0779\n0781\n0782\n0783\n0784\n0785\n0786\n0787\n0788\n0789\n0790\n0791","Oslo - bydel Vestre Aker og Ullern","nei",""
"Arbeidets Rett",1907,"https://www.retten.no/","https://www.retten.no/","Arbeidets Rett, tredagers avis for Røros og fjellregionen, med utspring i arbeiderbladet Mauren fra 1907, ble skapt som kamporgan for arbeiderbevegelsen.  Arbeidets Rett har i etterkrigstiden utviklet seg til å bli en moderne partipolitisk uavhengig nyhetsavis, med en ledende posisjon i regionen.","","Røros, Holtålen, Os, Tolga, Tynset, Alvdal, Folldal","ja","tir/tor"
"Åsane Tidende",1993,"https://www.aasanetidende.no/","https://www.aasanetidende.no/","Åsane Tidende har en ukentlig utgave på papir, og månedlig fulldistribusjon.","5039\n5101\n5105\n5106\n5107\n5108\n5109\n5111\n5113\n5114\n5115\n5116\n5117\n5118\n5119\n5121\n5122\n5124\n5130\n5131\n5132\n5134\n5135\n5136\n5137","Åsane","nei",""
"Aura Avis",1947,"https://www.auraavis.no/","https://www.auraavis.no/","Aura Avis, lokalavis for Sunndal og Tingvoll, ble grunnlagt i 1947, og kjøpt opp av Norsk Arbeiderpresse i 1954. Avisen var gjennom et turbulent lederskifte i 1971, da redaktøren startet konkurrenten Driva, men har i tiårene etter hatt en god utvikling, redaksjonelt og markedsmessig.","6460\n6600\n6610\n6611\n6612\n6613\n6620\n6622\n6628\n6629\n6630\n6670\n6674\n7340","Sunndal og Tingvold","ja","tir/tor"
"Aust Agder Blad",1853,"https://www.austagderblad.no/","https://www.austagderblad.no/","Aust Agder Blad, lokalavis for Risør og Gjerstad, har røttene tilbake til Nedenæs og Robygdelagets Amts-tidende fra 1853. Avisen har gjennom sin historie gjennomlevd mye ideologisk turbulens, og svingt mellom det kristne konservative til engasjement for liberalt tankegods.","4909\n4950\n4956\n4957\n4957\n4957\n4957\n4980\n4985\n4990\n4993\n4994","Risør og Gjerstad","ja","tir/tor"
"Avisa Gaula",2001,"https://www.avisagaula.no/","https://www.avisagaula.no/","","7070\n7074\n7083\n7212\n7213\n7224\n7227\n7228\n7232\n7234\n7236\n7290\n7350\n7353\n7354\n7355\n7357","Melhus, Skaun, Leinstrand og Byneset.","ja","torsdag"
"Avisa Nordhordland",1974,"https://www.nordhordland.no/","https://www.nordhordland.no/","Avis Nordhordland er todagers avis for Lindås med region, etablert i 1974 av miljøet rundt Nordhordland Forlag. A-pressen kom inn som eneeier i 2006. ","","Lindås, Meland, Austrheim, Fedje, Radøy, Masfjorden, Gulen","ja","ons/lør"
"Avisa Nordland",2002,"https://www.an.no/","https://www.an.no/","Avisa Nordland ble etablert som dagsavis for Bodø og regionen i 2002 som en fusjon av to konkurrenter med ulikt grunnsyn, A-pressens Nordlands Framtid og HTG-gruppens Nordlandsposten. Amedia er hovedeier, mens Polaris Media (HTG-gruppen) eier 38 prosent. AN er politisk uavhengig.","0661\n7036\n7052\n8003\n8004\n8005\n8006\n8007\n8008\n8009\n8010\n8011\n8012\n8013\n8014\n8015\n8016\n8019\n8020\n8021\n8022\n8023\n8025\n8026\n8027\n8028\n8029\n8030\n8050\n8056\n8063\n8064\n8070\n8071\n8072\n8073\n8074\n8075\n8076\n8079\n8093\n8095\n8098\n8100\n8102\n8103\n8110\n8114\n8120\n8130\n8135\n8136\n8140\n8145\n8146\n8149\n8150\n8157\n8158\n8160\n8170\n8178\n8184\n8185\n8186\n8187\n8193\n8200\n8206\n8207\n8208\n8209\n8210\n8211\n8214\n8215\n8218\n8219\n8220\n8226\n8230\n8250\n8252\n8253\n8255\n8260\n8264\n8266\n8270\n8275\n8276\n8283\n8285\n8286\n8288\n8289\n8290\n8294\n8297\n8300\n8370\n8406\n8410\n8430\n8445\n8450\n8516\n8590\n8622\n8766\n8800\n8802\n8920\n9006\n9007\n9020","Bodø, Fauske, Meløy, Saltdal, Steigen, Hamarøy, Tysfjord, Sørfold, Beiarn, Gildeskål, Rødøy, Verøy, Røst","ja","tir/tor/lør"
"Avisa Oslo",2020,"https://www.ao.no/","https://www.ao.no/","Avisa Oslo er en digital lokalavis for Oslo som publiserer innhold hele døgnet.\n","0165\n0168\n0169\n0170\n0171\n0172\n0173\n0174\n0175\n0176\n0177\n0178\n0183\n0186\n0187\n0188\n0190\n0191\n0192\n0194\n0195\n0196\n0198\n0253\n0254\n0256\n0257\n0258\n0259\n0260\n0263\n0264\n0265\n0266\n0267\n0268\n0270\n0271\n0272\n0273\n0274\n0275\n0279\n0280\n0281\n0283\n0284\n0286\n0287\n0350\n0352\n0354\n0355\n0356\n0357\n0358\n0360\n0361\n0362\n0363\n0364\n0365\n0366\n0367\n0368\n0369\n0372\n0373\n0374\n0375\n0376\n0377\n0378\n0379\n0380\n0381\n0382\n0383\n0451\n0452\n0454\n0455\n0456\n0457\n0458\n0460\n0461\n0464\n0467\n0468\n0469\n0470\n0473\n0474\n0475\n0476\n0477\n0478\n0479\n0480\n0481\n0482\n0483\n0484\n0485\n0487\n0488\n0490\n0491\n0495\n0550\n0551\n0552\n0553\n0554\n0555\n0556\n0557\n0558\n0559\n0560\n0561\n0562\n0563\n0564\n0565\n0566\n0567\n0568\n0569\n0570\n0571\n0572\n0574\n0575\n0576\n0577\n0578\n0579\n0580\n0581\n0583\n0584\n0585\n0586\n0587\n0588\n0590\n0591\n0592\n0595\n0596\n0598\n0650\n0651\n0652\n0653\n0654\n0655\n0656\n0657\n0658\n0659\n0660\n0661\n0662\n0663\n0664\n0665\n0666\n0667\n0669\n0670\n0671\n0672\n0673\n0674\n0675\n0678\n0679\n0680\n0681\n0682\n0683\n0684\n0685\n0686\n0687\n0688\n0689\n0690\n0691\n0693\n0694\n0753\n0754\n0768\n0770\n0772\n0775\n0777\n0851\n0854\n0870\n0871\n0873\n0880\n0884\n0951\n0956\n0957\n0958\n0959\n0969\n0973\n0981\n1061\n1068\n1069\n1084\n1086\n1152\n1153\n1157\n1163\n1164\n1165\n1166\n1176\n1177\n1178\n1181\n1182\n1185\n1187\n1188\n1251\n1254\n1259\n1263\n1284\n1358\n1359\n1362\n1364\n1410\n1415\n1470\n1473\n1476","Oslo","nei",""
"Avisen Agder",1877,"https://www.avisenagder.no/","https://www.avisenagder.no/","Agder er lokalavis for kommunene Flekkefjord, Kvinesdal, Sirdal, Lund og Sokndal. Avisen har en solid posisjon i markedet og er nr. 1-avis i alle kommunene, bortsett fra Sokndal. Avisen kom ut første gang 25. april 1877. I mer enn 70 år, helt frem til 1971, var Agder en familieeid avis.","4380\n4400\n4404\n4405\n4406\n4407\n4420\n4420\n4420\n4420\n4432\n4434\n4436\n4438\n4440\n4443\n4460\n4462\n4463\n4473\n4480\n4484\n4485\n4520\n4550\n4560\n4580\n4596","Sokndal, Lund, Sirdal, Kvinesdal og Flekkefjord","ja","tir/tor/fre"
"B.T.",1916,"https://www.bt.dk/","https://www.bt.dk/","B.T. er en av Danmarks to største tabloidaviser. Avisen er spesielt sterk på dekning av dansk underholdning, sport og privatøkonomi.\n","","","nei",""
"Bergensavisen",1927,"https://www.ba.no/","https://www.ba.no/","Bergensavisen ble grunnlagt i 1927 som et direkte resultat av splittelsen i Arbeiderpartiet i 1923, da kommunistene overtok Bergens sosialdemokratiske avis, Arbeidet. Navnet ble endret fra Bergen Arbeiderblad til Bergensavisen i 1991. BA var blant de første i Norge med søndagsavis. Avisen har en ledende posisjon på nett.\n","5003\n5004\n5005\n5006\n5007\n5008\n5009\n5010\n5011\n5012\n5013\n5015\n5017\n5018\n5019\n5022\n5031\n5032\n5033\n5034\n5035\n5036\n5037\n5038\n5039\n5042\n5043\n5052\n5053\n5054\n5055\n5056\n5057\n5058\n5059\n5063\n5067\n5072\n5073\n5081\n5089\n5093\n5094\n5096\n5097\n5098\n5099\n5101\n5104\n5105\n5106\n5107\n5108\n5109\n5111\n5113\n5114\n5115\n5116\n5117\n5118\n5119\n5121\n5122\n5124\n5130\n5131\n5132\n5134\n5135\n5136\n5137\n5141\n5142\n5143\n5144\n5145\n5146\n5147\n5148\n5151\n5152\n5153\n5154\n5155\n5160\n5161\n5162\n5163\n5164\n5165\n5170\n5171\n5172\n5173\n5174\n5176\n5177\n5178\n5179\n5183\n5184\n5200\n5208\n5209\n5210\n5211\n5212\n5215\n5216\n5217\n5218\n5221\n5222\n5223\n5224\n5225\n5226\n5227\n5228\n5229\n5230\n5231\n5232\n5235\n5236\n5237\n5238\n5239\n5243\n5244\n5251\n5252\n5253\n5254\n5257\n5258\n5259\n5260\n5261\n5262\n5263\n5264\n5265\n5267\n5268\n5281\n5282\n5283\n5285\n5286\n5300\n5301\n5302\n5303\n5304\n5305\n5306\n5307\n5308\n5310\n5314\n5315\n5336\n5337\n5350\n5353\n5354\n5355\n5357\n5360\n5363\n5366\n5378\n5379\n5380\n5381\n5382\n5384\n5392\n5394\n5397\n5411\n5412\n5416\n5417\n5430\n5600\n5610\n5614\n5620\n5630\n5640\n5641\n5642\n5650\n5652\n5680\n5685\n5700\n5722\n5725\n5911\n5912\n5913\n5914\n5915\n5916\n5917\n5918\n5919\n5936\n5937\n5938\n5939\n5943\n5947\n5953\n5955\n5956\n5957\n5986\n5993","Bergen, Askøy, Fjell, Os","ja","man-lør"
"Berlingske",1749,"https://www.berlingske.dk/","https://www.berlingske.dk/","Berlingske er Danmarks eldste avis. Avisen har en borgerlig profil og er spesielt sterk på dekning av dansk politikk, økonomi og samfunn.\n\n","","","nei",""
"Bladet Vesterålen",1921,"https://www.blv.no/","https://www.blv.no/","Bladet Vesterålen er regionavisa som dekker alle de fem vesterålskommunene og i tillegg Lødingen og Kvæfjord. Avisa er politisk uavhengig. Bladet Vesterålen gis ut på papir og som e-avis fem ukedager – tirsdag til lørdag. Nettavisa blv.no oppdateres fortløpende.\nBladet Vesterålen AS er del av konsernet NorVest AS. Foruten avisa, omfatter konsernet reklamebyrå og trykkeri og har til sammen 35 ansatte, herav 11 i redaksjonen.\nHovedredaksjonen holder til I eget hus – Avishuset – i Sortland sentrum, med lokale medarbeidere i samtlige vesterålskommuner, Lødingen og Kvæfjord.","8400\n8402\n8403\n8404\n8406\n8407\n8408\n8409\n8410\n8412\n8413\n8414\n8415\n8416\n8430\n8432\n8438\n8445\n8450\n8470\n8475\n8480\n8481\n8484\n8485\n8489\n9475","Andøy, Bø, Hadsel, Øksnes, Sortland, Lødingen og Kvæfjord","ja","tir/tor/fre"
"Bodø By",2019,"https://www.an.no/bod%C3%B8-by","https://www.an.no/bod%C3%B8-by","Bodø By ble etablert i 2019, og er et ultralokalt nettsted med fokus på nyheter fra Bodø. Bodø by oppdateres daglig med en rekke saker. Nettstedet eies og drives av Avisa Nordland. \n","","Bodø","nei",""
"Bodø Nu",2001,"https://www.bodonu.no/","https://www.bodonu.no/","Bodø Nu er et mediehus med base i Bodø som gir ut nettavisen bodonu.no og månedsmagasinet Bodø Nu. Bodø Nu ble overtatt av Amedia i 2020, og samarbeider tett med søsteravisene Vefsn No og Rana No .","8003\n8004\n8005\n8006\n8007\n8008\n8009\n8010\n8011\n8012\n8013\n8014\n8015\n8016\n8019\n8020\n8021\n8022\n8023\n8026\n8027\n8028\n8029\n8030\n8050\n8056\n8070\n8071\n8072\n8073\n8074\n8076\n8079","Bodø","",""
"Bondebladet",1974,"https://www.bondebladet.no/","https://www.bondebladet.no/","Bondebladet er medlemsavis for Norges Bondelag og har også en kollektiv abonnementsavtale med sju andre organisasjoner (Tine, Nortura, Felleskjøpet, Landkreditt, Gartnerhallen, Geno og Hoff) i Norsk landbrukssamvirke. Det gjør at Bondebladet har en unik posisjon og når ut til svært mange bønder. Organisasjonene har sine egne spalter for medlemsinformasjon i avisen.","1816\n1821\n1870\n1880\n1894\n1923\n2022\n2040\n2080\n2100\n2150\n2260\n2266\n2312\n2335\n2340\n2350\n2500\n2540\n2550\n2560\n2584\n2625\n2630\n2634\n2636\n2640\n2647\n2660\n2665\n2676\n2680\n2686\n2690\n2750\n2836\n2838\n2847\n2848\n2870\n3158\n3160\n3174\n3175\n3178\n3280\n3282\n3302\n3370\n3550\n3560\n3570\n3810\n3870\n4071\n4121\n4150\n4160\n4308\n4334\n4342\n4346\n4360\n4365\n4387\n4389\n4440\n4480\n4560\n4580\n4646\n5282\n5419\n5574\n5583\n5585\n5590\n5600\n5708\n5912\n5919\n6440\n6531\n6631\n6650\n6763\n6774\n6817\n6823\n6826\n6843\n6847\n6893\n7070\n7074\n7100\n7105\n7120\n7170\n7200\n7224\n7288\n7316\n7320\n7340\n7357\n7387\n7510\n7520\n7580\n7608\n7609\n7656\n7657\n7670\n7710\n7730\n7750\n7760\n7863\n8890\n8920","Hele landet","nei",""
"Budstikka",1898,"https://www.budstikka.no/","https://www.budstikka.no/","Uavhengig konservativ dagsavis. \n\nBudstikka ble kåret til Årets mediehus 2020 av Mediebedriftenes Landsforening.","1311\n1336\n1337\n1338\n1339\n1340\n1341\n1344\n1346\n1348\n1349\n1350\n1351\n1352\n1353\n1354\n1356\n1357\n1358\n1359\n1360\n1361\n1362\n1363\n1364\n1365\n1366\n1367\n1368\n1369\n1383\n1384\n1385\n1386\n1387\n1388\n1389\n1390\n1391\n1392\n1394\n1395\n1396\n1397\n3430\n3440\n3442\n3470\n3472\n3474\n3477\n3478\n3490","Asker og Bærum","ja","tir/tor/lør"
"Bygdebladet",1997,"https://www.bygdebladet.no/","https://www.bygdebladet.no/","Bygdebladet har som mål å være den primære lokale nyhets-, kultur- og debatt-formidler for alle med tilknytning til kommunene Randaberg, Rennesøy og Kvitsøy.","4027\n4028\n4029\n4070\n4071\n4072\n4073\n4150\n4152\n4154\n4156\n4158\n4180","Randaberg, Rennesøy, Kvitsøy","ja","torsdag"
"Bygdeposten",1954,"https://www.bygdeposten.no/","https://www.bygdeposten.no/","Bygdeposten ble grunnlagt i 1954, som et upolitisk bygdeblad, med Jørgen Bergo og familien som engasjerte medarbeidere. Avisen gikk lenge under navnet «Bygdearket», men gjennom årene har Bygdeposten utviklet seg til en typisk, moderne norsk lokalavis, med bred stoffprofil. Avisen kommer ut tre ganger i uken og dekker kommunene Modum, Sigdal, Krødsherad og Øvre Eiker.","3300\n3302\n3303\n3320\n3330\n3330\n3330\n3330\n3340\n3350\n3355\n3358\n3359\n3360\n3370\n3533\n3535\n3536\n3539","Modum, Sigda, Krøgsherad, Øvre Eiker","ja","tir/tor"
"Dalane Tidende",1885,"https://www.dalane-tidende.no/","https://www.dalane-tidende.no/","En frittstående og uavhengig lokalavis.","4370\n4371\n4372\n4373\n4374\n4375\n4376\n4380\n4387\n4389\n4420\n4460\n4462\n4463","Eigersund, Bjerkreim, Sokndal, Lund","ja","tir/fre"
"Drammens Tidende",1832,"https://www.dt.no/","https://www.dt.no/","Drammens Tidende er Amedias eldste avis. Den har sin historie knyttet til avisen Tiden fra 1832, som ble skapt for å bekjempe framveksten av radikalismen. Drammens Tidende har de siste tiårene vært i sterk ekspansjon, og blant annet kjøpt en rekke mindre lokalaviser.","3004\n3011\n3012\n3013\n3014\n3015\n3016\n3017\n3018\n3019\n3021\n3022\n3023\n3024\n3025\n3026\n3027\n3028\n3029\n3030\n3031\n3032\n3033\n3034\n3035\n3036\n3037\n3038\n3039\n3040\n3041\n3042\n3043\n3044\n3045\n3046\n3047\n3048\n3050\n3053\n3055\n3057\n3058\n3060\n3070\n3072\n3073\n3074\n3075\n3076\n3077\n3300\n3302\n3303\n3320\n3322\n3330\n3402\n3403\n3404\n3405\n3406\n3408\n3409\n3410\n3413\n3414\n3420\n3425\n3426\n3427\n3430\n3440\n3442\n3470\n3472\n3474\n3475\n3477\n3478\n3480\n3482\n3483\n3484\n3490","Drammen, Lier, Øvre Eiker, Asker, Holmestrand, Modum, Sigdal, Krødsherad","ja","tir/tor/lør"
"Drangedalsposten",1999,"https://www.drangedalsposten.no/","https://www.drangedalsposten.no/","","3750\n3753\n3760","Drangedal","",""
"Eidsvoll Ullensaker Blad",1901,"https://www.eub.no/","https://www.eub.no/","Eidsvoll Ullensaker Blad er en uavhengig lokalavis som har eksistert siden 1901. Vi har kontorer i Sundgata, midt i Eidsvoll sentrum. Lokale medier står i en særstilling i lokalmiljøet og er en viktig nyhetsformidler for lokalbefolkningen. Lokalavisen setter søkelys på de nære tingene, de som betyr noe for innbyggerne. Eidsvoll Ullensaker Blad er i vekst og har lesere fordelt på papir, nett, mobil og sosiale medier.","2022\n2030\n2032\n2033\n2034\n2040\n2050\n2052\n2053\n2054\n2055\n2056\n2066\n2067\n2070\n2072\n2073\n2074\n2080\n2090\n2092\n2093\n2150\n2170","Eidsvoll, Hurdal, Nannestad og Ullensaker","ja","tir/lør"
"Eikerbladet",1992,"https://www.eikerbladet.no/","https://www.eikerbladet.no/","Eikerbladet ble grunnlagt i 1992, som gratisavis, men etablert som abonnementsavis fra 2003, med Ringsrikes Blad/Apressen som eier. Eikerbladet er en superlokal avis, med et rimelig bredt nyhetsbilde fra politikk og samfunn, fritid, kultur og sport.","3050\n3055\n3300\n3302\n3303\n3320","Drammen, Øvre Eiker","ja","torsdag"
"Enebakk Avis",1999,"https://www.enebakkavis.no/","https://www.enebakkavis.no/","Enebakk Avis ble stiftet i 1999, av Smaalenene Medier, som politisk uavhengig  superlokal abonnementsavis, for å dekke en kommune som ikke blir definert som primærområde for noen av dagsavisene i regionen.","1911\n1912\n1914","Enebakk","ja","torsdag"
"Fanaposten",1978,"https://www.fanaposten.no/","https://www.fanaposten.no/","Fanaposten er lokalavis for bydelene Fana og Ytrebygda i Bergen sør, et område med nærmere 75 000 innbyggere. \n\nFanaposten utgir papiravis hver tirsdag og fredag og nettavis som oppdateres daglig. Avisen har én månedlig fulldistribusjon.","5099\n5221\n5222\n5223\n5224\n5225\n5226\n5227\n5228\n5229\n5231\n5232\n5235\n5236\n5237\n5238\n5239\n5243\n5244\n5251\n5252\n5253\n5254\n5258\n5259","Fana og Ytrebygda","ja","tir/fre"
"Finnmark Dagblad",1913,"https://www.ifinnmark.no/","https://www.ifinnmark.no/","Finnmark Dagblad, ble startet i 1913 av Hammerfest Arbeiderparti, under navnet Vestfinmarkens Socialdemokrat. Alt trykkeriutstyr gikk tapt under krigen, og i 1946 kom avisen ut i stensilutgave. Etter hvert ble driften normalisert, og Finnmark Dagblad gikk inn i en vekstperiode.","9510\n9511\n9512\n9513\n9514\n9515\n9516\n9517\n9518\n9519\n9520\n9522\n9523\n9525\n9536\n9537\n9538\n9540\n9541\n9550\n9552\n9582\n9590\n9593\n9595\n9600\n9601\n9602\n9603\n9609\n9610\n9612\n9620\n9690\n9700\n9710\n9713\n9715\n9716\n9730\n9731\n9732\n9736\n9737\n9750\n9760\n9790\n9803\n9900\n9910\n9912","Hammerfest, Kvalsund, Måsøy, Porsanger, Nordkapp, Karasjok, Kautokeino, Alta. Loppa , Hasvik","ja","tir/tor"
"Finnmarken",1899,"https://www.ifinnmark.no/","https://www.ifinnmark.no/","Finnmarken ble etablert i 1899, med basis i avholdsbevegelsen og Venstre. Avisen utviklet seg i sosialistisk retning, og ble fra 1906 talerør for Arbeiderpartiet. Fra 1946 ble Finnmarken slått sammen med Folkets Frihet i Kirkenes, og utgiverstedet flyttet fra Vardø til Vadsø.","9511\n9512\n9513\n9514\n9515\n9517\n9520\n9522\n9602\n9603\n9610\n9700\n9730\n9740\n9750\n9770\n9771\n9775\n9790\n9800\n9801\n9802\n9803\n9804\n9826\n9840\n9841\n9842\n9843\n9844\n9845\n9900\n9901\n9910\n9911\n9912\n9925\n9926\n9930\n9935\n9950\n9952\n9960\n9980\n9990","Vadsø, Vardø, Sør-Varanger, Nesseby, Tana, Gamvik, Berlevåg, Lebesby og Båtsfjord","ja","tir/tor"
"Finnmarksposten",1886,"https://www.finnmarksposten.no/","https://www.finnmarksposten.no/","Finnmarksposten ble etablert av en gruppe forretningsmenn i Hammerfest i 1886, som konservativt organ og er Finnmarks eldste avis. De tre første etterkrigsår fungerte avisen «som organ for evakuerte finnmarkinger», med hovedbase i Oslo. Den flyttet tilbake til Finnmark i 1949.","9690\n9750\n9760\n9790","Nordkapp","ja","torsdag"
"Firda",1918,"https://www.firda.no/","https://www.firda.no/","Firda ble etablert i 1918, med «bygdas fremste menn» som eiere. Vedtektene fastslo at avisa ikke skal «indta noget standpunkt i politiske spørsmaal». De første etterkrigsår var svært krevende. Veksten skjøt fart på 1960-tallet, etter at Førde var utpekt som framtidig vekstsenter.","5094\n5099\n5961\n5962\n5966\n6700\n6723\n6770\n6783\n6793\n6797\n6800\n6809\n6810\n6811\n6812\n6813\n6814\n6815\n6817\n6818\n6819\n6823\n6826\n6827\n6829\n6843\n6847\n6856\n6885\n6899\n6900\n6905\n6906\n6907\n6908\n6924\n6928\n6929\n6940\n6944\n6947\n6953\n6957\n6958\n6963\n6964\n6966\n6967\n6968\n6969\n6973\n6975\n6977\n6978\n6980\n6982\n6983\n6984\n6985\n6986\n6987\n6993\n6995\n6996","Førde, Jølster, Gaular, Naustdal, Hyllestad, Gulen, Solund, Askvoll, Fjaler, Gloppen, Høyanger og Flora","ja","tir/tor"
"Firdaposten",1948,"https://www.firdaposten.no/","https://www.firdaposten.no/","Firdaposten ble startet i Florø i 1948, av Arbeiderpartiet, og med Guttorm Hansen, senere stortingspresident som første redaktør. Konkurransen var hard fra to andre aviser, men fra 1992 har Firdaposten vært alene som lokalavis i byen.","6700\n6710\n6713\n6714\n6716\n6718\n6719\n6723\n6727\n6729\n6730\n6734\n6737\n6900\n6905\n6906\n6907\n6908\n6910\n6912\n6913\n6914\n6915\n6916\n6917\n6918\n6919\n6940\n6942\n6944","Flora, Bremanger","ja","torsdag"
"Fredriksstad Blad",1889,"https://www.f-b.no/","https://www.f-b.no/","Fredriksstad Blad kom med sin første utgave i 1889, etter initiativ fra en gruppe «ledende menn» som ville ha en moderat Høyre-avis. Den nye avisen var allerede i 1905 størst i fylket, og har de siste tiårene hatt en helt dominerende stilling i Fredrikstad og omegn.","1604\n1605\n1606\n1607\n1608\n1610\n1613\n1614\n1615\n1617\n1618\n1619\n1621\n1622\n1623\n1624\n1626\n1628\n1630\n1632\n1633\n1634\n1636\n1637\n1639\n1640\n1642\n1651\n1653\n1654\n1655\n1657\n1658\n1659\n1661\n1663\n1664\n1665\n1666\n1667\n1671\n1672\n1673\n1675\n1676\n1678\n1679\n1680\n1684\n1690\n1692\n1712\n1714\n1715\n1718\n1719\n1722\n1724\n1725","Fredrikstad, Hvaler, Råde","ja","tir/tor/lør"
"Fremover",1903,"https://www.fremover.no/","https://www.fremover.no/","Fremover kom med første utgave i 1903, knyttet til framveksten for Arbeiderpartiet. Oppgaven var å kjempe for «Sandhed og ræt», tuftet på partiets program. Utviklingen som lokal og regional nyhetsavis startet etter partisplittelsen i 1923, og den partipolitiske fristillingen kom i 1990.","8300\n8514\n8515\n8516\n8517\n8519\n8520\n8521\n8522\n8523\n8530\n8533\n8534\n8535\n8540\n8543\n8590\n9350\n9357\n9360\n9415\n9440\n9445\n9446\n9470","Narvik, Ballangen, Evenes, Tjeldsund, Skånland, Bardu, Gratangen, Lavangen, Tysfjord, Salangen","ja","tir/tor"
"Frostingen",1919,"https://www.frostingen.no/","https://www.frostingen.no/","","7630\n7632\n7633","Frosta, Åsen i Levanger","",""
"Gjengangeren",1851,"https://www.gjengangeren.no/","https://www.gjengangeren.no/","Gjengangerenble etablert i 1851, men avisen hadde i startfasen flere navn. Navnet\nGjengangeren ble begrunnet med at stifterens tidligere avisprosjekter hadde\ngått inn. Avisen har gjennom det meste av etterkrigstiden hatt en pen\nutvikling, og har ligget i front med ny teknologi. Ved inngangen til 2015 ble\nGjengangeren eget aksjeselskap.","3179\n3180\n3181\n3182\n3183\n3184\n3185\n3186\n3187\n3188\n3189","Horten","ja","tir/tor/lør"
"Gjesdalbuen",1990,"https://www.gbnett.no/","https://www.gbnett.no/","Gjesdalbuen, endagsavis for Gjesdal og Figgjo. Avisa trykkes av Dalane Trykkeri i Egersund. Avisa kommer ut hver torsdag. Avislokalet er plassert i utkanten av Ålgård sentrum.","4330\n4332\n4333\n4335","Gjesdal og Figgjo","ja","torsdag"
"Glåmdalen",1885,"https://www.glomdalen.no/","https://www.glomdalen.no/","Glåmdalen ble skapt av radikale venstre-folk i 1885, som ville ha en motkraft mot høyrepressen, men ble kjøpt av LO og Arbeiderpartiet i 1914. Glåmdalens historie er preget av turbulens, spesielt fra 1925 og utover.  Men etter hvert gikk avisen inn i en pen vekstperiode.","1929\n2040\n2080\n2100\n2110\n2114\n2116\n2120\n2123\n2130\n2133\n2134\n2150\n2160\n2164\n2165\n2166\n2170\n2208\n2209\n2210\n2211\n2212\n2212\n2212\n2212\n2213\n2214\n2216\n2217\n2218\n2219\n2219\n2219\n2219\n2220\n2223\n2224\n2230\n2232\n2233\n2235\n2240\n2256\n2260\n2264\n2265\n2266\n2270\n2280\n2283\n2406\n2435\n2436","Kongsvinger, Eidskog, Grue, Åsnes, Våler, Nes, Nord-Odal, Sør-Odal","ja","tir/tor/fre"
"Gudbrandsdalen Tidende",1997,"https://www.gd.no/","https://www.gd.no/","","0585\n0661\n2022\n2080\n2312\n2316\n2322\n2365\n2372\n2380\n2385\n2390\n2607\n2608\n2609\n2610\n2611\n2613\n2614\n2615\n2616\n2618\n2619\n2624\n2625\n2630\n2632\n2634\n2635\n2636\n2640\n2642\n2643\n2646\n2647\n2651\n2652\n2653\n2656\n2657\n2660\n2662\n2663\n2665\n2666\n2667\n2668\n2670\n2672\n2676\n2677\n2680\n2682\n2683\n2685\n2686\n2687\n2690\n2693\n2819\n2827\n2836\n2837\n2838\n2850\n2870\n6300","Gudbrandsdalen ","",""
"Hadeland",1918,"https://www.hadeland.no/","https://www.hadeland.no/","Avisen Hadeland er en partipolitisk uavhengig lokalavis for kommunene Gran, Jevnaker og Lunner. Avisen skal bedrive saklig, troverdig og uavhengig journalistikk med høy etisk standard basert på Vær Varsom-plakaten.\n","2720\n2730\n2740\n2742\n2743\n2750\n2760\n2770\n3520\n3522","Gran, Lunner og Jevnaker kommune","ja","tir/fre"
"Halden Arbeiderblad",1929,"https://www.ha-halden.no/","https://www.ha-halden.no/","Halden Arbeiderblad kom på markedet i 1929, som talerør for Arbeiderpartiet. Avisen fikk en pen vekst gjennom 1930-årene, en utvikling som også fortsatte i tiårene etter krigen. Halden Arbeiderblad har lenge hatt stort innslag av lokalt eierskap, men er 100% eid av Amedia fra 2010.","1763\n1764\n1765\n1766\n1767\n1768\n1769\n1771\n1772\n1776\n1777\n1778\n1779\n1781\n1782\n1783\n1784\n1785\n1786\n1788\n1789\n1791\n1792\n1793\n1794\n1796\n1798","Halden og Aremark","ja","tir/tor/lør"
"Hammerfestingen",2011,"https://www.hammerfestingen.no/","https://www.hammerfestingen.no/","","","Hammerfest","ja","torsdag"
"Hardanger Folkeblad",1949,"https://www.hardanger-folkeblad.no/","https://www.hardanger-folkeblad.no/","Hardanger Folkeblad ble etablert i 1949, av arbeiderbevegelsen med mål om å samle hele regionen bak en avis.  Slik gikk det ikke. Hardanger Folkeblad ble etter hvert en ren Hardanger-avis, som fra 1990 ble dominerende i kommunene Odda, Ullensvang og Eidfjord.","","Odda, Ullensvang, Eidfjord","ja","tir/fre"
"Haugesunds Avis",1895,"https://www.h-avis.no/","https://www.h-avis.no/","Haugesunds Avis ble grunnlagt i 1895 av Venstre-mannen Bernt Seland, som «radikalt talerør for vanlige folk».  Ny rotasjonspresse i 1915, og andre investeringer gjorde avisen til «mest moderne» i vest.  Haugesunds Avis innledet en vekstperiode 1921, og ble enerådende i 1973.","4014\n4020\n4032\n4200\n4208\n4230\n4235\n4237\n4250\n4260\n4262\n4264\n4265\n4270\n4272\n4274\n4275\n4276\n4280\n5410\n5411\n5412\n5414\n5416\n5417\n5419\n5420\n5427\n5428\n5430\n5437\n5440\n5443\n5460\n5514\n5515\n5516\n5517\n5518\n5519\n5521\n5522\n5523\n5525\n5527\n5528\n5529\n5531\n5532\n5533\n5534\n5535\n5537\n5538\n5541\n5542\n5545\n5546\n5547\n5549\n5550\n5551\n5554\n5555\n5560\n5561\n5563\n5565\n5566\n5567\n5568\n5570\n5574\n5576\n5578\n5580\n5582\n5583\n5584\n5585\n5590\n5593\n5750","Haugesund, Karmøy, Utsira, Tysvær, Bokn, Vindafjord, Sauda og Suldal i Rogaland og Sveio, Etne, Bømlo, Stord, Fitjar, Odda, Kvinnherad og Ullensvang i Hordaland","ja","tir/tor/fre"
"Helgelendingen",1929,"https://www.helg.no/","https://www.helg.no/","Helgelendingen ble etablert i 1931 som ukeavis under tittelen Helgeland Arbeiderblad. Avisen ble slått sammen med Vefsen Arbeiderblad som kom to år tidligere. Mosjøen hadde flere aviser som konkurrerte hardt. Fra 1947 har Helgelendingen vært størst på utgiverstedet, og fra 1955 enerådende. Avisen kom i tabloid fra 1970. I 2014 skiftet avsien navn fra Helgeland Arbeiderblad til Helgelendingen.","","Vefsn, Grane, Hattfjelldal, Leirfjord, Alstahaug, Herøy, Dønna, Brønnøy, Sømna, Vevelstad, Vega","ja","tir/tor"
"Hordaland",1883,"https://www.avisa-hordaland.no/","https://www.avisa-hordaland.no/","Hordaland er ei nytenkjande avis med tradisjonelle røter, med store ambisjonar for framtida. Me skal vera ein attraktiv arbeidsstad, driva eit moderne mediehus, laga kvalitetsjournalistikk, vera fyrstevalet til kundar og ha ei synleg merkevare. Hordaland er lokalavis for Voss, Granvin, Ulvik, Vaksdal og Modalen.\n\nLokalavisa har lokale eigarar og samarbeider med Amedia om alt av tenester og system. Hordaland er opplagsvinnar blant lokalavisene i Vestland med eit opplag på 8334. Me veks kraftig digitalt, samstundes som at papiravisa står sterkt. Avisa kjem ut tre gonger i veka. Målet er å verta endå meir viktig for dei som brukar oss.","5096\n5281\n5600\n5610\n5614\n5700\n5704\n5705\n5706\n5707\n5708\n5709\n5710\n5713\n5722\n5723\n5725\n5728\n5730\n5734\n5736\n5780\n5781\n5783\n5784","Voss, Granvin, Ulvik, Vaksdal og Modalen","ja","tir/fre"
"Halden Arbeiderblad",1929,"https://www.ha-halden.no/","https://www.ha-halden.no/","Halden Arbeiderblad kom på markedet i 1929, som talerør for Arbeiderpartiet. Avisen fikk en pen vekst gjennom 1930-årene, en utvikling som også fortsatte i tiårene etter krigen. Halden Arbeiderblad har lenge hatt stort innslag av lokalt eierskap, men er 100% eid av Amedia fra 2010.","","Halden og Aremark","ja","tir/tor/lør"
"Hammerfestingen",2011,"https://www.hammerfestingen.no/","https://www.hammerfestingen.no/","","","Hammerfest","ja","torsdag"
"Hardanger Folkeblad",1949,"https://www.hardanger-folkeblad.no/","https://www.hardanger-folkeblad.no/","Hardanger Folkeblad ble etablert i 1949, av arbeiderbevegelsen med mål om å samle hele regionen bak en avis.  Slik gikk det ikke. Hardanger Folkeblad ble etter hvert en ren Hardanger-avis, som fra 1990 ble dominerende i kommunene Odda, Ullensvang og Eidfjord.\n","","Odda, Ullensvang, Eidfjord","ja","tir/fre"
"Haugesunds Avis",1895,"https://www.h-avis.no/","https://www.h-avis.no/","Haugesunds Avis ble grunnlagt i 1895 av Venstre-mannen Bernt Seland, som «radikalt talerør for vanlige folk».  Ny rotasjonspresse i 1915, og andre investeringer gjorde avisen til «mest moderne» i vest.  Haugesunds Avis innledet en vekstperiode 1921, og ble enerådende i 1973.","","Haugesund, Karmøy, Utsira, Tysvær, Bokn, Vindafjord, Sauda og Suldal i Rogaland og Sveio, Etne, Bømlo, Stord, Fitjar, Odda, Kvinnherad og Ullensvang i Hordaland","ja","tir/tor/fre"
"iFinnmark",2015,"ifinnmark.no","http://ifinnmark.no","Felles nettsted for Finnmark Dagblad og Dagbladet Finnmarken.","","","nei",""
"iHarstad",2020,"https://www.iharstad.no/","https://www.iharstad.no/","iHarstad gis ut av Nu Publishing, der Amedia er hovedeier.","","","nei",""
"Indre Akershus Blad",1908,"https://www.indre.no/","https://www.indre.no/","Indre Akershus Blad kom med første utgave i 1908. Gjennom det meste av sin historie har avisen vært ledet av tre generasjoner fra familien Vestreng. Indre Akershus Blad er en upolitisk bygdeavis, bortsett fra en periode før krigen da avisen var talerør for Arbeiderdemokratene.  ","","Aurskog-Høland","ja","tir/tor"
"iSandnessjøen",2019,"https://www.isandnessjoen.no/","https://www.isandnessjoen.no/","Nettstedet eies og drives av Helgelendingen.","","Sandnessjøen, Leirfjord","nei",""
"Jarlsberg Avis",1843,"https://www.jarlsbergavis.no/","https://www.jarlsbergavis.no/","Jarlsberg Avis (tre dager ukentlig) har røtter tilbake til Holmestrandsposten fra 1843, Gjennom 1800-tallet skiftet avisen eier flere ganger, og historien er preget av turbulens, både økonomisk og driftsmessig. Østlands-Posten overtok eierskapet i 1999, og da ble grunnlag lagt for en pen opptur.","","Holmestrand","ja","tir/tor"
"Jærbladet",1949,"https://www.jbl.no/","https://www.jbl.no/","Blad- og avisutgivelse, trykkerivirksomhet og  handel samt alt som står i forbindelse med dette,  herunder deltagelse i andre selskaper med lignende  virksomhet.","","Klepp, Time, Hå","ja","tir/ons/fre"
"Karmøynytt",2011,"https://www.karmoynytt.no/","https://www.karmoynytt.no/","Siden 2019 har Karmøynytt vært en heldigital abonnementsavis.","","Karmøy","nei",""
"Kragerø Blad Vestmar",1845,"https://www.kv.no/","https://www.kv.no/","Kragerø Blad Vestmar tar tradisjoner tilbake til 1845, da Kragerø Blad ble etablert, med et konservativt ståsted. Venstre-avisen Vestmar kom i 1867, som et radikalt alternativ. Striden mellom avisene har til tider vært hard, fram til 1998 da avisene ble slått sammen.","","Kragerø, Drangedal","ja","tir/fre"
"Kronstadposten",2009,"https://www.kp.no/","https://www.kp.no/","","","Alta","nei",""
"KRS - Avisen Kristiansand",2023,"https://www.krs.no/","https://www.krs.no/","KRS Avisen Kristiansand er en digital lokalavis for Kristiansand.","","Kristiansand","nei",""
"Kvinnheringen",1973,"https://www.kvinnheringen.no/","https://www.kvinnheringen.no/","Kvinnheringen ble etablert i 1973, som politisk uavhengig, av typograf Kristian Hus. Takket være aluminiumsverket var Husnes og deler av Kvinnherad i vekst og etter hvert skulle det vise seg at det var plass til en ny lokalavis.  Kvinnheringen har i dag et godt grep i lokalmarkedet.","","Kvinnherad","ja","tir/fre"
"Laagendalsposten",1903,"https://www.laagendalsposten.no/","https://www.laagendalsposten.no/","Laagendalsposten ble grunnlagt i 1903 av faktor Karl A. Wad, som «Frisindet Folkeblad» men ble senere uavhengig.  Laagendalsposten var i familiens eie fram til 1972, da Drammens Tidende overtok eierskapet. Etter krigen har avisen hatt en ledende posisjon i Kongsberg og distriktet.","","Kongsberg, Flesberg, Rollag og Nore, Uvdal","ja","tir/tor"
"Lierposten",1987,"https://www.lierposten.no/","https://www.lierposten.no/","Lierposten ble startet i 1987, som abonnementsavis. Lierposten er en typisk politisk uavhengig næravis, som fanger opp hverdagen til folk som bor i kommunen, -  foreningslivet, sporten, kulturen og livsløpet.","","Lier","ja","torsdag"
"Lofot-Tidende",1987,"https://www.lofot-tidende.no/","https://www.lofot-tidende.no/","Lofot-Tidende kan knytte sin historie til avisen Lofot-tidende fra 1952, startet av familien Nordahl på Leknes, men senere solgt til Høyre. Dagens Lofot-Tidende ble grunnlagt i 1987.","","Vestvågøy, Flakstad, Moskenes","ja","torsdag"
"Lofotposten",1896,"https://www.lofotposten.no/","https://www.lofotposten.no/","Lofotposten ble startet i 1896, men kom først som dagsavis i 1936. Grunnlaget for avisens framvekst var lofotfisket, der det til tider deltok 30 000 fiskere fra hele Kyst-Norge, som abonnerte for å få med fiskerimeldingene. Avisen var størst i nord fram til 1964.","","Vågan, Vestvågøy, Flakstad, Moskenes, Værøy, Røst","ja","tir/tor"
"Lyngdals Avis",2011,"https://www.lyngdalsavis.no/","https://www.lyngdalsavis.no/","Nettavisen Lyngdals Avis ble født i 2011 og ble papiravis 6. mars 2014. I 2015 vant vi prisen «Årets nyskapning». \n\nI dag er vi en lokalavis for Lyngdal og Audnedal som kommer ut hver dag på nett, og hver torsdag som papiravis til våre abonnenter. I tillegg kommer avisen til alle husstander i Lindesnes, Hægebostad, Audnedal, Farsund og Lyngdal én gang i måneden.","","Lyngdal","ja","torsdag"
"MittJessheim",2019,"https://www.mittjessheim.no/","https://www.mittjessheim.no/","Nettstedet eies og drives av Romerikes Blad.","","Jessheim","nei",""
"MittLillestrøm",2019,"https://www.mittlillestrom.no/","https://www.mittlillestrom.no/","Nettstedet eies og drives av Romerikes Blad.","","Lillestrøm","nei",""
"MittLørenskog",2021,"https://www.mittloerenskog.no/","https://www.mittloerenskog.no/","Nettstedet eies og drives av Romerikes Blad.","","Lørenskog","nei",""
"Moss Avis",1886,"https://www.moss-avis.no/","https://www.moss-avis.no/","Moss Avis ble grunnlagt i 1886, som konservativt talerør mot byens fem Venstre-aviser. Konkurrentene forsvant etter hvert. Moss Avis har opp gjennom årene skiftet politisk kurs, til «frisinnet» fra 1879, til Venstre-avis i 1890, og etter hvert tilbake til en mer høyreorientert kurs.","","Moss, Råde, Våler og Vestby","ja","tir/tor/lør"
"Nationen",1918,"https://www.nationen.no/","https://www.nationen.no/","Nationen er en fri og uavhengig dagsavis, og har som formål å ivareta bygdefolkets og distriktenes økonomiske, sosiale og kulturelle interesser. Nationen er distriktenes næringsavis, og avisens prioriterte stoffområder er næringsliv, landbruk, politikk, samferdsel og EU.","","Hele landet","nei",""
"Nettavisen",1996,"https://www.nettavisen.no/","https://www.nettavisen.no/","Nettavisen er Norges ledende rene nyhetsleverandør på Internett, og dekker områder som sport, økonomi og hendelsesnyheter.\n\nNæringslivsavisen NA24 er en av Norges fremste økonomiaviser.\n\nFormålsparagraf\n\nSelskapets formål er å drive informasjonsformidling, og alt som står i forbindelse med dette","","Hele landet","nei",""
"Nidaros",2019,"https://www.nidaros.no/","https://www.nidaros.no/","Formålsparagraf: Utgi lokalavisen Nidaros i Trondheim, herunder delta i aktiviteter forbundet med dette.","","Trondheim","nei",""
"Nordlys",1902,"https://www.nordlys.no/","https://www.nordlys.no/","Nordlys er dagsavis for Tromsø og den nordlige landsdelen, grunnlagt av presten Alfred Eriksen på Karlsøy i 1902 som talerør for fiskerbøndene som samlet seg om Arbeiderpartiet. Nordlys ble i 1965 Nord-Norges største avis og profilert som det fremste talerøret for landsdelens interesser.","","Med ståsted i Tromsø dekker Nordlys Nord-Norge nord for Vestfjorden","ja","man-lør"
"Nordre Aker Budstikke",2004,"https://www.nab.no/","https://www.nab.no/","Avisa Nordre Aker Budstikke er en digital lokalavis  for bydel Nordre Aker i Oslo med 52.000 innbyggere. ","","Nordre Aker bydel","nei",""
"Nordstrands Blad",1925,"https://www.noblad.no/","https://www.noblad.no/","Nordstrands Blad er lokalavisen for bydelene Nordstrand, Søndre Nordstrand og Østensjø i Oslo. Avisen kom først ut i 1925 som organ for lokale velforeninger. I 1998 ble den overtatt av Orkla Media, som i dag er en del av Amedia-konsernet. Nordstrands Blads papirutgave kommer ut hver torsdag.","","Nordstrand, Søndre Nordstrand, Østensjø","ja","torsdag"
"Norsk Landbruk",1882,"https://www.norsklandbruk.no/","https://www.norsklandbruk.no/","","","Hele landet","nei",""
"Oppland Arbeiderblad",1924,"https://www.oa.no/","https://www.oa.no/","Oppland Arbeiderblad, dagsavis for Gjøvik og Vestoppland, ble startet i 1924 som et resultat av splittelsen i arbeiderbevegelsen, i en by med fire aviser fra før. Avisen ble raskt arbeidsfolks talerør og hadde sammenhengende opplagsvekst fra 1957 til 2001, noe som er norsk rekord.","","Gjøvik, Østre Toten, Vestre Toten, Søndre Land, Nordre Land og Etnedal. Sekundært dekkes OA også Valdres og Hadeland med to lokalkontorer i henholdsvis Gran og i Fagernes","ja","tir/tor/fre"
"Porsgrunns Dagblad",1914,"https://www.pd.no/","https://www.pd.no/","Porsgrunns Dagblad, femdagers avis for Porsgrunn og Bamble, ble etablert i 1914 i en by preget av sterke brytninger. Etter sterk opplagsvekst gjennom 1930-årene ble avisen kraftig svekket på 1970-tallet og gikk konkurs. Etter flere eierskifter endte avisen i 1999 i A-pressen.","","Porsgrunn, Bamble","ja","tir/tor/lør"
"RA Stavanger",2024,"https://www.rastavanger.no/","https://www.rastavanger.no/","","4005\n4006\n4007\n4008\n4009\n4010\n4011\n4012\n4013\n4014\n4015\n4016\n4017\n4018\n4019\n4020\n4021\n4022\n4023\n4024\n4025\n4026\n4027\n4028\n4029\n4031\n4032\n4033\n4034\n4035\n4041\n4042\n4043\n4044\n4045\n4046\n4047\n4048\n4049\n4056\n4057\n4058\n4070\n4071\n4072\n4073\n4076\n4077\n4083\n4085\n4152\n4154\n4158","Stavanger","nei",""
"Rakkestad Avis",1900,"https://www.r-a.no/","https://www.r-a.no/","Rakkestad Avis er tredagers avis for Rakkestad, startet i 1900 som upolitisk med Venstre-sympatier. Avisen ble etter hvert overtatt av Bondepartiet og ble i Nasjonal Samlings grep slått sammen med Lokalposten og fikk navnet Østfold Bygdeblad. Avisen tok tilbake sitt opprinnelige navn i 1987.","","Rakkestad","ja","torsdag"
"Rana Blad",1902,"https://www.ranablad.no/","https://www.ranablad.no/","Rana Blad utgis i Mo i Rana og er dagsavis for fem kommuner, med røtter til Dunderlandsdølen, stiftet i 1902. Avisen ble organ for Arbeiderpartiet fra 1920, slet økonomisk og ble restartet etter krigen med dagens avisnavn fra 1947. Rask opplagsvekst fulgte industriveksten i Mo i Rana.","","Rana, Hemnes, Nesna, Lurøy, Træna","ja","tir/tor"
"Ringerikes Blad",1845,"https://www.ringblad.no/","https://www.ringblad.no/","Ringerikes Blad er dagsavis som dekker tre kommuner, startet som Ringeriges Ugeblad i 1845. I 1905 ble avisen solgt, antall utgivelser økte og lokalstoffets plass ble styrket. Konservativ politisk kurs ga senere tilslutning til Høyres Pressekontor før avisen i 1997 ble kjøpt av A-pressen.","","Jevnaker, Ringerike og Hole","ja","tir/tor/fre"
"Ringsaker Blad",1935,"https://www.ringsaker-blad.no/","https://www.ringsaker-blad.no/","Ringsaker Blad ble grunnlagt i 1935 som frittstående lokalavis for tre sogn. På 1950-tallet ble avisen slått sammen med Brumunddølen. Fra 1967 overtok Østlendingen eierskapet både til trykkeriet og avisen og er dagens utgiverselskap.","","Ringsaker","ja","tir/fre"
"Rjukan Arbeiderblad",1923,"https://www.rablad.no/","https://www.rablad.no/","Rjukan Arbeiderblad, tredagers avis for Tinn, ble startet i 1923 av organisasjoner i lokal arbeiderbevegelse. Den ville samle venstrekreftene og ble et «skoleskip» for akademikerne i Mot Dag. Avisen ble overtatt av Telemark Arbeiderblad i 1986 og av Norsk Arbeiderpresse i 1990.","","Tinn kommune","ja","tir/tor/lør"
"Romerikes Blad",1902,"https://www.rb.no/","https://www.rb.no/","Romerikes Blad, dagsavis for sentrale deler av Romerike, utkommer i Lillestrøm. Den ble grunnlagt i 1902 på Jessheim, kjøpt av Akershus Arbeiderpresse i 1951 og etter hvert slått sammen med Akershus Arbeiderblad og forent under navnet Romerikes Blad fra 1995 som A-pressens største avis.","","Lillestrøm, Lørenskog, Rælingen, Aurskog-Høland, Enebakk, Nittedal, Gjerdrum, Nannestad, Nes, Hurdal, Ullensaker, Eidsvoll","ja","tir/tor/lør"
"Røyken og Hurums Avis",1976,"https://www.rha.no/","https://www.rha.no/","Røyken og Hurums Avis, todagers avis, ble etablert av Drammens Tidende i 1976 under navnet Smånytt fra Røyken og Hurum. Etter hvert fikk avisen egne redaksjonslokaler i Slemmestad. I 2003 flyttet avisen til Sætre, heleid av Drammens Tidende, og derigjennom Orkla Media og Edda Media.   ","","Asker, Røyken, Hurum","ja","tir/tor"
"Sagene Avis",2017,"https://www.sageneavis.no/","https://www.sageneavis.no/","Sagene Avis er en digital lokalavis for bydel Sagene i Oslo med 45.000 innbyggere. ","","Sagene bydel","nei",""
"Sande Avis",1982,"https://www.sandeavis.no/","https://www.sandeavis.no/","Sande Avis er ukeavis for Sande kommune med historie fra 1982, men med regelmessig utgivelse først i 1990. Drammens Tidende overtok som eier i 1999, innlemmet avisen i Orkla Media og tilførte den flere ressurser som ga den en sterk og stabil posisjon i kommunen.","","Holmestrand og Sande","ja","torsdag"
"Sandefjords Blad",1859,"https://www.sb.no/","https://www.sb.no/","Sandefjords Blad er dagsavis for Sandefjord og Kodal i Andebu. Avisen som startet i 1859 under navnet Sandemanden, fikk dagens navn i 1894 da lokale Høyre-folk kjøpte den. Et Kosmos-selskap kjøpte aksjemajoriteten i 1985, før den samme år ble solgt videre til Orkla Media.","","Sandefjord","ja","tir/tor/lør"
"Sandnesposten",1990,"https://www.sandnesposten.no/","https://www.sandnesposten.no/","Sandnesposten kommer ut på papir hver tirsdag og torsdag, men oppdateres på nett gjennom hele døgnet, sju dager i uken. Avisen er inne i sin 29. årgang, med Jæren Avis/Nordsjø Media som største hovedaksjonær fra 1996 og fram til Amedia overtok i 2019. Utgivelsesfrekvens har vekslet mellom to og tre dager, i en periode var Sandnesposten også gratisavis. Sandnesposten er en partipolitisk uavhengig avis.","","Sandnes","ja","tir/tor"
"Sarpsborg Arbeiderblad",1929,"https://www.sa.no/","https://www.sa.no/","Sarpsborg Arbeiderblad, dagsavis for Sarpsborg, ble grunnlagt i 1929 som en videreføring av Østfold Arbeiderblad (1921-29). Avisen ble under krigen overtatt av nazistene og omdøpt, først til «Den nye tid». Etter krigen fikk avisen, eid av A-pressen, en dominerende posisjon i industribyen.","","Sarpsborg","ja","tir/tor/fre"
"Senja247",2022,"https://www.senja247.no/","https://www.senja247.no/","","","Senja","nei",""
"Smaalenenes Avis",1899,"https://www.smaalenene.no/","https://www.smaalenene.no/","Smaalenenes Avis, dagsavis for sju kommuner i Østfold, utkommer i Askim. Røttene går tilbake til 1899 da Indre Smaalenenes Avis ble grunnlagt. I 1902 ble Askim Avis etablert, som senere skiftet navn til Øvre Smaalenene. Sistnevnte avis ble delvis kjøpt av Norsk Arbeiderpresse i 1990, som så kjøpte Indre Smaalenene i 1996 og slo sammen de to avisene i 2003.","","Skiptvet, Marker, Indre Østfold","ja","tir/tor/fre"
"Sogn Avis",1993,"https://www.sognavis.no/","https://www.sognavis.no/","Sogn Avis vart etablert i 1993 etter ein fusjon mellom Sogningen/Sogns Avis (S/SA) og Sogn og Fjordane.\n\nAvisa Sogningen hadde sitt opphav i Vik i Sogn i 1897, men flytta fleire gonger før avisa enda opp med Leikanger som utgivarstad i 1957. Etter samanslåinga med Sogns Avis vart den nye avisa, Sogningen/Sogns Avis ei av dei største pressesuksessane i Sogn og Fjordane nokon gong. Sogn og Fjordane vart etablert i 1932.","","Sogndal, Leikanger, Balestrand, Luster, Årdal, Lærdal, Aurland og Vik.","ja","tir/tor"
"Solabladet",1991,"https://www.solabladet.no/","https://www.solabladet.no/","Solabladet kommer ut på papir hver torsdag, men oppdateres på nett gjennom hele døgnet, sju dager i uken. \n\nAvisen er inne i sin 28. årgang, med Jæren Avis/Nordsjø Media som største hovedaksjonær fra 1996 og fram til Amedia overtok i 2019. Utgivelsesfrekvens har vekslet mellom en og to dager i uken. Dekningsområdet er hele Sola kommune. \n\nSolabladet er en partipolitisk uavhengig avis.","","Sola","ja","torsdag"
"Solungavisa",2008,"https://www.solungavisa.no/","https://www.solungavisa.no/","Solungavisa er ukeavis for Grue, Åsnes og Våler, startet av Østlendingen i 2008 under navnet Avisa Solungen som ble endret til dagens navn etter en uke. Den er en typisk næravis som leter fram stoff de større avisene i området ikke dekker.","","Grue, Åsnes, Våler","nei",""
"Strandbuen",1964,"https://www.strandbuen.no/","https://www.strandbuen.no/","Strandbuen er lokalavis for Ryfylke-kommunene Strand, Hjelmeland og Forsand.\n\nAvisa kommer ut to dager i uka, onsdag og fredag. \n\nStrandbuen ble etablert i 1964, og ble startet av Jørpeland Handelsforening.\n\nFormålsparagraf\n\nUtgi lokalavis for ytre Ryfylke region, og å drive virksomhet som er  beslektet med dette. Selskapet skal være en bidragsyter til en positiv  utvikling i nærområdet, både gjennom skrift og deltakelse i annen  næringsvirksomhet.","","Strand, Forsand og Hjelmeland","ja","ons/fre"
"Svelvikposten",1886,"https://www.svelviksposten.no/","https://www.svelviksposten.no/","Svelviksposten er ukeavis for Svelvik i Vestfold med historie tilbake til 1886 da Svelvigs Tidende ble grunnlagt. Dagens navn kom i 1902. Avisen ble lagt ned i 1962, men etterfølgere ble igangsatt og restartet. I 1995 var navnet Svelviksposten igjen på plass. Drammens Tidende ble hovedeier i 2004.","","Drammen og Svelvik","ja","torsdag"
"Sydvesten",1994,"https://www.sydvesten.no/","https://www.sydvesten.no/","Sydvesten har en ukentlig utgave på papir og månedlig fulldistribusjon. Avisens fremste oppgave er å lage journalistikk som er relevant og viktig for folk i Fyllingsdalen og Laksevåg.\n\nSydvesten kom ut for første gang 17. august 1994 under navnet Lokalavisen for Fyllingsdalen og Bønes-området.\n\nAvisen skiftet navn til Sydvest Nytt i januar 1996 og siden til Sydvesten i oktober 1998.","","Fyllingsdalen og Laksevåg","ja","torsdag"
"Sør-Varanger Avis",1949,"https://www.sva.no/","https://www.sva.no/","Sør-Varanger Avis er en avis som utgis i Kirkenes i Finnmark i Sør-Varanger kommune med 10.000 innbyggere. Avisen var tidligere et organ for Høyre, men står i dag uten partipolitisk tilknytning.","","Sør-Varanger kommune","ja","tir/tor"
"Telemarksavisa",1921,"https://www.ta.no/","https://www.ta.no/","Telemarksavisa, dagsavis for Telemark, hadde sin start i Larvik i 1921 med en etterfølgende turbulent periode fram til sammenslåtte Telemark Arbeiderblad ble etablert i Skien i 1926. På 1960-tallet vokste avisen til fylkets største en periode. Dagens avisnavn ble valgt tidlig på 1990-tallet","","Skien, Porsgrunn, Notodden, Siljan, Bamble, Kragerø, Drangedal, Nome, Bø, Sauherad, Tinn, Hjartdal, Seljord, Kviteseid, Nissedal, Fyresdal, Tokke, Vinje","ja","man-lør"
"Telen",1928,"https://www.telen.no/","https://www.telen.no/","Telen er dagsavis for Notodden, Hjartdal og Sauherad, grunnlagt i 1928 av en markant lokal avisgründer. Familien eide avisen, et tydelig Høyre-organ, fram til 1980 da den ble kjøpt av Drammens Tidende.  ","","Midt-Telemark Notoddne, Hjartdal","ja","tir/tor/fre"
"Tidens Krav",1906,"https://www.tk.no/","https://www.tk.no/","Tidens Krav, dagsavis for Nordmøre, ble grunnlagt av Kristiansund Socialdemokratiske Forening i 1906. Avisen hadde en god vekstperiode etter krigen men ble kraftig utfordret av Nordmørsposten, eid av Dagbladet, fra 1986. Norsk Arbeiderpresse bidro til en snuoperasjon som reddet Tidens Krav.","","Kristiansund, Aure, Smøla, Averøy, Eide, Gjemnes, Halsa, Surnadal, Rindal, Tingvoll og Sunndal","ja","tir/tor"
"Toten Idag",2019,"https://www.totenidag.no/","https://www.totenidag.no/","Nettstedet eies og drives av Oppland Arbeiderblad.","","Toten","nei",""
"Traktor",2003,"https://www.traktor.no/","https://www.traktor.no/","Traktor er et rendyrket magasin for traktorinteresserte lesere. Traktor gir leseren alt om traktor på et sted, og skal være uunnværlig for alle som er opptatt av traktor og maskiner.","","Hele landet","nei",""
"Tvedestrandsposten",1872,"https://www.tvedestrandsposten.no/","https://www.tvedestrandsposten.no/","Tvedestrandsposten, tredagers avis for Tvedestrand, Vegårdshei, Arendal øst og Åmli, ble startet som radikal Venstre-avis i 1872 av Arne Garborg som forlot den få måneder etter. Den gikk så over til Høyre før den i 1902 ble erklært upartisk. Etter familieeierskap ble den i 2000 kjøpt av A-pressen.  ","","Tvedestrand, Vegårshei, Arendal øst, Åmli","ja","tir/tor"
"Tønsbergs Blad",1870,"https://www.tb.no/","https://www.tb.no/","Tønsbergs Blad er dagsavis for Tønsberg og regionen, grunnlagt i 1870 av boktrykker og eier av byens første avis, Telegraphen. Avisen ble i 1881 kjøpt av byens konservative næringsliv og ble etter hvert et markant Høyre-organ og dominerende i markedet. Den ble kjøpt av Orkla Media i 1986.","","Tønsberg og Færder. Avisen dekker også kommunene Holmestrand og Horten","ja","tir/tor/lør"
"Vaksdalposten",1987,"https://www.vp.no/","https://www.vp.no/","VaksdalPosten vart etablert i 1987, og er lokalisert på Dale, sentralt plassert midt mellom Bergen og Voss. VP dekkjer Vaksdal og Modalen kommunar, og er viktig for innbyggjarane i dekningsområdet. VP står sterkt i nærområdet, er i vekst og har lesarar fordelt på papir, nett, mobil og sosiale medium. Avisa eies av LL Hordaland, som også eier Avisa Hordaland.","","Vaksdal og Modalen","ja","torsdag"
"Varingen",1946,"https://www.varingen.no/","https://www.varingen.no/","Varingen er lokalavis for Nittedal og Hakadal kommer hver onsdag og fredag. Avisa ble overtatt av Amedia i juli 2017. \n\nVaringen ble grunnlagt I 1946, og ble til som et resultat av frigjøringen etter andre verdenskrig. Den hadde sitt utspring i Hjemmefronten. Varingen ble båret fram av erfaringene fra kampen mot okkupasjon og nazisme.","","Nittedal","ja","tir/tor"
"Vestby Avis",2006,"https://www.vestbyavis.no/","https://www.vestbyavis.no/","Vestby Avis er ukeavis for Vestby i Akershus. Avisen ble etablert i 2006 for å tilby superlokal informasjon til innbyggerne i kommunen. Avisen er eid av Amedia gjennom Smaalenene Medier.","","Vestby","ja","torsdag"
"Østlandets Blad",1908,"https://www.oblad.no/","https://www.oblad.no/","Østlandets Blad ble startet i 1908 som Øyeren, men flyttet til Ski i 1914 og fikk dagens navn. Den hadde først Venstre-sympatier men støttet senere Bondepartiet. Etter krigen ble den Høyre-avis og har fortsatt et konservativt ståsted. Orkla Media overtok eierskapet i 1997.","","Nordre Follo, Ås, Vestby, Frogn og Enebakk","ja","man/ons/fre"
"Østlands-Posten",1881,"https://www.op.no/","https://www.op.no/","Østlands-Posten er dagsavis for Larvik og Lardal, grunnlagt i 1881 som organ for venstresiden. Avisen ble den første i Norge med kvinnelig redaktør og inntok etter hvert posisjonen som ledende i Larvik. Etter langvarig familieeierskap ble den solgt til A-pressen i 1995.","","Larvik","ja","tir/tor/lør"
"Østlendingen",1901,"https://www.ostlendingen.no/","https://www.ostlendingen.no/","Østlendingen er dagsavis for Elverum, Østerdalen og Solør, startet i 1901 av radikale krefter som ledd i maktkampen i Venstre. Bondepartiet ble ny eier i 1921 og ga den en høyreradikal profil. På 1960-tallet ble den refinansiert og fikk «rødgrønn» profil. Orkla Media ble dominerende eier i 1997.","","Elverum, Åmot, Stor-Elvdal, Rendalen, Alvdal, Folldal, Tynset, Tolga, Os, Engerdal, Trysil, Løten, Våler, Åsnes","ja","tir/tor/fre"
"Øyene",1999,"https://www.oyene.no/","https://www.oyene.no/","Øyene er ukeavis for Nøtterøy og Tjøme i Vestfold. Den ble etablert i 1999 av Østlands-Posten som en del av A-pressen. Den er en typisk partipolitisk uavhengig næravis og har oppnådd gode resultater. To år på rad er den kåret til landets beste lokalavis.","","Nøtterøy, Tjøme og deler av Tønsberg kommune","nei",""
"Ås Avis",2006,"https://www.aasavis.no/","https://www.aasavis.no/","Ås Avis er ukeavis for Ås i Akershus. Avisen ble etablert i 2006 for å tilby superlokal informasjon til innbyggerne i kommunen. Avisen er eid av Amedia gjennom Smaalenene Medier.","1400\n1405\n1406\n1407\n1430\n1433\n1434\n1435","Ås og Vestby","ja","torsdag"